id,first_name,last_name,email,gender,ip_address
1,Beilul,Picot,bpicot0@de.vu,Female,34.121.233.249
2,Janela,Charrisson,jcharrisson1@skype.com,Female,96.218.157.222
3,Mozes,Vasilkov,mvasilkov2@bloomberg.com,Male,145.47.239.131
4,Max,Willshear,mwillshear3@house.gov,Male,60.51.255.60
5,Corine,Hansman,chansman4@clickbank.net,Non-binary,114.97.8.61
6,Hallsy,Pennick,hpennick5@utexas.edu,Male,21.8.241.226
7,Bunny,Sinnott,bsinnott6@hhs.gov,Non-binary,154.72.117.59
8,Kermy,Goundsy,kgoundsy7@wordpress.org,Male,1.190.71.161
9,Neill,Rees,nrees8@usgs.gov,Male,25.208.63.250
10,Victoir,Eltun,veltun9@chicagotribune.com,Male,62.220.28.252
11,Cornell,Matkovic,cmatkovica@imgur.com,Male,203.157.98.193
12,Danny,Kubicki,dkubickib@sfgate.com,Male,234.11.16.148
13,Conny,Young,cyoungc@infoseek.co.jp,Male,96.151.50.69
14,Case,Croyser,ccroyserd@usda.gov,Male,207.241.121.217
15,Eberto,Spaven,espavene@sourceforge.net,Male,141.111.102.55
16,Nickola,Aikman,naikmanf@cpanel.net,Male,164.138.55.64
17,Bay,Croisdall,bcroisdallg@ed.gov,Male,91.114.6.165
18,Georgeanna,Crowth,gcrowthh@skyrock.com,Genderfluid,108.102.71.248
19,Mada,Lygo,mlygoi@columbia.edu,Female,154.25.145.208
20,Irita,Boschmann,iboschmannj@seattletimes.com,Female,17.251.65.241
21,Leighton,Harmston,lharmstonk@msu.edu,Male,176.65.176.176
22,Jeremiah,Iveans,jiveansl@sitemeter.com,Male,24.145.200.173
23,Morly,Maghull,mmaghullm@uol.com.br,Male,37.52.156.53
24,Aron,Hardwich,ahardwichn@yale.edu,Male,232.196.45.57
25,Belinda,Avrahamoff,bavrahamoffo@fastcompany.com,Female,79.37.108.243
26,Melamie,Grayshon,mgrayshonp@fc2.com,Female,202.228.148.49
27,Dorthea,Ianniello,diannielloq@myspace.com,Female,14.236.178.199
28,Emmet,Ibel,eibelr@csmonitor.com,Male,104.231.201.239
29,Marga,Diament,mdiaments@woothemes.com,Female,212.191.115.19
30,Ronald,Jobbings,rjobbingst@aboutads.info,Male,7.50.124.102
31,Elbertine,Bragg,ebraggu@technorati.com,Female,69.75.151.187
32,Kilian,Ianiello,kianiellov@goodreads.com,Male,18.102.167.37
33,Nat,Boteman,nbotemanw@mysql.com,Bigender,5.90.248.94
34,Kurt,Eveleigh,keveleighx@thetimes.co.uk,Male,169.236.27.202
35,Catina,Duffer,cduffery@unc.edu,Female,55.142.112.249
36,Ruthe,Ettridge,rettridgez@soup.io,Female,40.1.227.19
37,Dede,Mallinder,dmallinder10@de.vu,Female,165.99.233.93
38,Eldridge,Daws,edaws11@boston.com,Male,224.175.233.196
39,Rolf,Martins,rmartins12@zimbio.com,Male,13.133.145.251
40,Arlin,Pattesall,apattesall13@naver.com,Male,49.11.183.230
41,Shirleen,Carlesi,scarlesi14@smugmug.com,Female,102.26.60.111
42,Stacia,Bramont,sbramont15@infoseek.co.jp,Female,25.50.235.45
43,Vale,Hawsby,vhawsby16@twitpic.com,Male,84.172.130.85
44,Kienan,Coling,kcoling17@nbcnews.com,Male,121.33.217.186
45,Corbett,Clackson,cclackson18@addthis.com,Male,166.192.25.142
46,Thom,Rampley,trampley19@opera.com,Male,134.94.73.0
47,Effie,Andrich,eandrich1a@jalbum.net,Female,60.57.186.116
48,Geordie,Jennings,gjennings1b@wiley.com,Male,125.110.79.145
49,Rebeca,D'Ugo,rdugo1c@mediafire.com,Female,34.45.237.22
50,Meredith,Nowak,mnowak1d@pinterest.com,Female,246.129.110.201
51,Tammy,Tolland,ttolland1e@pinterest.com,Non-binary,107.167.66.51
52,Janine,Lindenbluth,jlindenbluth1f@paypal.com,Female,42.202.78.112
53,Marybeth,Mazzeo,mmazzeo1g@engadget.com,Female,89.167.250.206
54,Mercy,Mattock,mmattock1h@toplist.cz,Female,192.123.27.95
55,Randolph,Shipway,rshipway1i@who.int,Male,22.246.236.249
56,Haywood,Lebel,hlebel1j@purevolume.com,Male,117.83.105.170
57,Chryste,Sor,csor1k@liveinternet.ru,Genderfluid,244.97.255.20
58,Edwin,Wildt,ewildt1l@google.de,Male,135.25.161.208
59,Marchelle,Orsay,morsay1m@pinterest.com,Genderfluid,220.112.211.240
60,Arlin,Toffoletto,atoffoletto1n@loc.gov,Male,150.181.140.39
61,Neel,Dalinder,ndalinder1o@imdb.com,Male,156.30.231.173
62,Ashton,Naismith,anaismith1p@pagesperso-orange.fr,Male,73.195.143.171
63,Brigit,Queste,bqueste1q@joomla.org,Genderqueer,162.58.205.138
64,Sharon,Hannaford,shannaford1r@digg.com,Female,200.250.91.249
65,Marilin,Spread,mspread1s@addtoany.com,Female,52.136.50.66
66,Risa,Pudsall,rpudsall1t@booking.com,Female,16.214.53.159
67,Roman,Bottrill,rbottrill1u@studiopress.com,Male,190.37.158.97
68,Lenette,Dommersen,ldommersen1v@nationalgeographic.com,Female,139.244.78.83
69,Bee,Leeb,bleeb1w@cnn.com,Female,133.237.131.173
70,Meryl,Yesinin,myesinin1x@skyrock.com,Male,178.109.97.55
71,Vanya,Turnpenny,vturnpenny1y@t.co,Non-binary,35.179.219.143
72,Gerianna,McCafferky,gmccafferky1z@shutterfly.com,Female,33.205.61.251
73,Ruby,Ballintyne,rballintyne20@de.vu,Male,206.226.80.229
74,Davis,Chason,dchason21@upenn.edu,Genderfluid,211.64.174.74
75,Eudora,Morrall,emorrall22@baidu.com,Female,218.152.200.12
76,Josias,Ronci,jronci23@mozilla.org,Male,38.1.196.31
77,Iggie,Dressel,idressel24@cisco.com,Male,179.46.209.215
78,Ellsworth,Hairs,ehairs25@toplist.cz,Genderfluid,85.150.102.71
79,Caleb,Durrance,cdurrance26@globo.com,Male,229.212.11.22
80,Holly,De Matteis,hdematteis27@ucsd.edu,Female,223.180.240.176
81,Violet,Garside,vgarside28@sun.com,Agender,86.200.97.120
82,Brade,Crossfeld,bcrossfeld29@bandcamp.com,Male,215.197.216.241
83,Kinny,Hardan,khardan2a@simplemachines.org,Genderfluid,121.227.163.54
84,Jillene,Buckthorpe,jbuckthorpe2b@jugem.jp,Female,63.135.50.120
85,Dewey,Perico,dperico2c@who.int,Male,208.73.158.229
86,Gale,Covolini,gcovolini2d@hatena.ne.jp,Bigender,231.162.103.204
87,Ramonda,Tradewell,rtradewell2e@is.gd,Female,174.121.59.133
88,Cristy,Ingliss,cingliss2f@oracle.com,Female,200.84.153.202
89,Toby,Coldwell,tcoldwell2g@dmoz.org,Male,79.145.24.150
90,Ethel,Spurritt,espurritt2h@barnesandnoble.com,Female,244.131.155.70
91,Dev,Schops,dschops2i@icq.com,Male,34.129.107.45
92,Bancroft,Bootland,bbootland2j@engadget.com,Male,234.103.12.0
93,Lauren,Slevin,lslevin2k@hhs.gov,Female,48.209.220.3
94,Barron,Tregona,btregona2l@engadget.com,Male,137.121.210.221
95,Alta,Benedek,abenedek2m@1688.com,Female,64.186.236.43
96,Corinna,Boulstridge,cboulstridge2n@google.co.uk,Female,60.65.119.232
97,Leigh,Kildale,lkildale2o@ocn.ne.jp,Female,185.236.14.83
98,Demott,Dmitrienko,ddmitrienko2p@irs.gov,Male,114.162.218.131
99,Boy,Venediktov,bvenediktov2q@unicef.org,Polygender,232.68.33.131
100,Catarina,Fradson,cfradson2r@theguardian.com,Female,134.22.144.88
101,Major,Duley,mduley2s@eventbrite.com,Male,72.217.15.219
102,Seward,Benediktsson,sbenediktsson2t@infoseek.co.jp,Male,18.30.234.80
103,Asher,McKiernan,amckiernan2u@forbes.com,Male,249.24.211.173
104,Eduardo,Morford,emorford2v@nature.com,Male,39.119.44.151
105,Claudine,Revitt,crevitt2w@icq.com,Female,144.84.53.29
106,Frances,Gogie,fgogie2x@usda.gov,Female,57.197.147.247
107,Philis,Woodrough,pwoodrough2y@amazon.co.uk,Female,153.93.3.72
108,Dimitri,Boydon,dboydon2z@etsy.com,Male,55.60.245.115
109,Ofilia,Kiff,okiff30@surveymonkey.com,Female,125.250.181.0
110,Tiffanie,Yvon,tyvon31@ameblo.jp,Female,164.184.174.7
111,Bartolomeo,Savatier,bsavatier32@csmonitor.com,Male,236.234.141.188
112,Bourke,Costelow,bcostelow33@joomla.org,Male,64.5.115.127
113,Arther,Torri,atorri34@desdev.cn,Male,205.141.65.68
114,Sandy,Clace,sclace35@webmd.com,Agender,157.155.58.43
115,Mar,Screas,mscreas36@nps.gov,Male,77.205.161.119
116,Allyce,Pfaffe,apfaffe37@blog.com,Genderqueer,172.95.65.104
117,Shannen,Pepys,spepys38@vimeo.com,Non-binary,141.157.250.45
118,Deeyn,Arthan,darthan39@msn.com,Female,158.131.84.63
119,Linoel,Bagster,lbagster3a@pagesperso-orange.fr,Male,235.120.21.124
120,Giffer,Gange,ggange3b@surveymonkey.com,Male,75.62.230.95
121,Wallie,Pafford,wpafford3c@boston.com,Male,131.255.109.148
122,Robbert,Bodham,rbodham3d@quantcast.com,Male,92.239.77.10
123,Wilmar,Twitty,wtwitty3e@washingtonpost.com,Male,64.149.179.242
124,Courtney,Mingardo,cmingardo3f@networksolutions.com,Male,142.134.167.150
125,Sioux,Maitland,smaitland3g@phoca.cz,Female,143.139.105.245
126,Ad,Le Frank,alefrank3h@google.de,Male,210.7.94.25
127,Heriberto,Eustis,heustis3i@cdbaby.com,Male,232.236.152.64
128,Cyndia,Ridder,cridder3j@biblegateway.com,Female,104.65.13.48
129,Rochester,Porkiss,rporkiss3k@npr.org,Male,245.100.211.208
130,Atlante,Larvor,alarvor3l@ox.ac.uk,Female,189.10.14.113
131,Taylor,Dower,tdower3m@pagesperso-orange.fr,Male,230.144.178.15
132,Belva,McCahill,bmccahill3n@multiply.com,Female,147.35.224.109
133,Georas,Skoate,gskoate3o@gizmodo.com,Male,244.9.217.230
134,Anabelle,Lackemann,alackemann3p@addthis.com,Female,94.166.3.238
135,Theobald,Vivien,tvivien3q@adobe.com,Male,65.60.247.100
136,Shanon,Taysbil,staysbil3r@usa.gov,Female,36.41.109.54
137,Egon,Maciaszczyk,emaciaszczyk3s@bigcartel.com,Genderqueer,152.158.224.151
138,Kipper,Heathwood,kheathwood3t@youku.com,Male,219.156.89.158
139,Nisse,Fanton,nfanton3u@google.com.hk,Genderqueer,52.232.120.170
140,Teresita,MacSporran,tmacsporran3v@reverbnation.com,Genderfluid,202.8.6.84
141,Tiff,Ponnsett,tponnsett3w@kickstarter.com,Female,34.95.214.134
142,Vance,Savatier,vsavatier3x@mtv.com,Male,57.61.194.127
143,Lutero,Melmar,lmelmar3y@blogs.com,Male,249.191.241.10
144,Edik,Chatenier,echatenier3z@posterous.com,Male,82.26.157.37
145,Renaud,Potell,rpotell40@google.com.br,Male,172.147.198.125
146,Axe,Vondrak,avondrak41@t.co,Male,180.205.171.83
147,Saidee,Mccaull,smccaull42@bbc.co.uk,Female,197.37.108.193
148,Arthur,Cushe,acushe43@wiley.com,Male,166.254.129.121
149,Filmore,Petrussi,fpetrussi44@livejournal.com,Male,247.249.165.114
150,Ivonne,Loding,iloding45@eepurl.com,Female,138.157.100.123
151,Rachael,Petcher,rpetcher46@chicagotribune.com,Female,186.178.210.207
152,Alysa,Navan,anavan47@rediff.com,Female,252.116.50.31
153,Sam,Houlahan,shoulahan48@latimes.com,Polygender,31.152.39.48
154,Vinita,Cumpton,vcumpton49@columbia.edu,Female,224.202.159.226
155,Christian,Trye,ctrye4a@youtu.be,Female,125.152.141.193
156,Eden,Boot,eboot4b@vinaora.com,Female,1.125.237.9
157,Lizabeth,Hannaby,lhannaby4c@digg.com,Female,102.244.213.71
158,Dene,Gregol,dgregol4d@fda.gov,Male,44.6.21.233
159,Immanuel,Dummigan,idummigan4e@biglobe.ne.jp,Male,63.9.88.164
160,Tudor,Skala,tskala4f@parallels.com,Male,246.191.137.212
161,Prentiss,Clement,pclement4g@php.net,Male,116.225.84.44
162,Krystle,Washbrook,kwashbrook4h@scribd.com,Female,187.244.35.41
163,Breanne,Eglington,beglington4i@sina.com.cn,Female,185.137.1.83
164,Ignazio,Lewton,ilewton4j@cdc.gov,Male,33.117.203.5
165,Hallsy,Yakovlev,hyakovlev4k@state.tx.us,Male,159.116.215.120
166,Emelen,Moir,emoir4l@liveinternet.ru,Male,198.153.4.122
167,Rurik,Hlavecek,rhlavecek4m@wordpress.com,Male,21.160.5.104
168,Schuyler,Raddon,sraddon4n@buzzfeed.com,Male,133.112.21.19
169,Tabbie,Dale,tdale4o@bigcartel.com,Female,186.129.196.62
170,Sophie,Lisciardelli,slisciardelli4p@theatlantic.com,Female,34.1.61.44
171,Hewitt,D'Ambrosi,hdambrosi4q@altervista.org,Male,51.160.212.152
172,Burr,Pallis,bpallis4r@cam.ac.uk,Male,187.53.243.236
173,Evelina,Roj,eroj4s@wiley.com,Female,91.152.108.6
174,Zorine,Barrus,zbarrus4t@geocities.com,Female,25.224.212.224
175,Elly,Hayter,ehayter4u@admin.ch,Female,29.171.4.60
176,Nealon,Wittier,nwittier4v@europa.eu,Male,115.168.154.165
177,Curcio,Ouver,couver4w@comsenz.com,Male,113.183.8.15
178,Jorge,Machent,jmachent4x@soup.io,Genderqueer,235.195.249.85
179,Barth,Alwen,balwen4y@clickbank.net,Male,61.166.188.181
180,Ruperta,Robuchon,rrobuchon4z@bloglovin.com,Female,78.160.170.155
181,Zebulen,Crothers,zcrothers50@amazonaws.com,Male,235.106.235.115
182,Tess,Willetts,twilletts51@people.com.cn,Female,68.42.64.200
183,Massimo,Monteaux,mmonteaux52@pcworld.com,Agender,230.66.182.190
184,Carmon,Lerway,clerway53@timesonline.co.uk,Bigender,88.57.167.42
185,Hendrick,Briton,hbriton54@fastcompany.com,Male,6.157.33.185
186,Corey,Simeonov,csimeonov55@mozilla.com,Male,241.1.142.253
187,Anna-maria,MacGilpatrick,amacgilpatrick56@sfgate.com,Bigender,125.140.130.216
188,Odey,Gye,ogye57@webnode.com,Male,184.151.33.224
189,Brooke,Lemonnier,blemonnier58@behance.net,Male,103.126.38.241
190,Don,Picopp,dpicopp59@e-recht24.de,Male,245.143.20.47
191,Claus,Bertelsen,cbertelsen5a@fda.gov,Genderfluid,94.186.33.218
192,Matt,Muldoon,mmuldoon5b@istockphoto.com,Non-binary,86.233.193.185
193,Spencer,Purrington,spurrington5c@51.la,Male,133.225.108.224
194,Dory,Wann,dwann5d@exblog.jp,Female,117.76.56.191
195,Myca,Shimoni,mshimoni5e@printfriendly.com,Male,18.145.254.170
196,Griz,Measor,gmeasor5f@blogger.com,Male,175.32.83.50
197,Jilli,Bowerbank,jbowerbank5g@jugem.jp,Female,232.95.17.1
198,Emile,Sibray,esibray5h@devhub.com,Male,76.172.94.120
199,Anet,Dregan,adregan5i@bbb.org,Female,22.144.12.216
200,Donna,Fairley,dfairley5j@is.gd,Female,134.175.167.226
201,Sam,Petrosian,spetrosian5k@ocn.ne.jp,Female,91.250.13.49
202,Munmro,Sterman,msterman5l@addtoany.com,Agender,69.139.209.187
203,Odetta,Coyne,ocoyne5m@bandcamp.com,Female,146.192.156.242
204,Lurleen,Stuchberry,lstuchberry5n@columbia.edu,Female,19.74.76.60
205,Farica,McCrystal,fmccrystal5o@typepad.com,Female,231.156.172.218
206,Crawford,Whytock,cwhytock5p@t-online.de,Male,166.211.248.166
207,Cyril,Vasilyonok,cvasilyonok5q@hostgator.com,Male,165.151.227.142
208,Marijn,Brockton,mbrockton5r@amazonaws.com,Male,22.191.208.193
209,Peirce,Rist,prist5s@ehow.com,Male,138.204.58.240
210,Brig,Torrijos,btorrijos5t@odnoklassniki.ru,Male,250.145.244.23
211,Morton,Memory,mmemory5u@sciencedaily.com,Male,111.110.0.233
212,Barrie,Veasey,bveasey5v@uiuc.edu,Female,254.81.177.9
213,Jacquette,Sharphurst,jsharphurst5w@cnbc.com,Female,87.209.223.21
214,Renate,Enderwick,renderwick5x@scribd.com,Female,147.99.205.73
215,Nicko,Hearst,nhearst5y@indiatimes.com,Male,18.112.132.71
216,Ethe,Martill,emartill5z@tripod.com,Male,64.56.239.9
217,Robinia,Hockey,rhockey60@blogger.com,Female,240.120.255.111
218,Verney,Kunath,vkunath61@ted.com,Male,12.55.1.180
219,Ewell,Longstaff,elongstaff62@un.org,Male,164.42.18.64
220,Marchall,Dymock,mdymock63@dell.com,Non-binary,243.252.239.175
221,Carmina,L'Episcopi,clepiscopi64@google.com,Female,6.238.230.157
222,Samson,Hiorn,shiorn65@t-online.de,Male,105.144.201.56
223,Belia,McDugal,bmcdugal66@cbsnews.com,Female,20.112.110.103
224,Bab,Coniff,bconiff67@zimbio.com,Female,192.21.247.10
225,Florentia,Thornborrow,fthornborrow68@google.ca,Female,36.97.145.149
226,Sigismond,Danielou,sdanielou69@ibm.com,Male,77.116.76.246
227,Brnaba,Dorn,bdorn6a@elpais.com,Male,174.244.220.229
228,Cherilyn,Wilfling,cwilfling6b@last.fm,Female,81.170.254.230
229,Xenia,Mellers,xmellers6c@1688.com,Female,46.43.114.237
230,Emlen,Buzek,ebuzek6d@cloudflare.com,Male,8.106.119.245
231,Lindsey,Corsar,lcorsar6e@shinystat.com,Male,190.42.77.187
232,Philippine,Buckhurst,pbuckhurst6f@netscape.com,Female,229.248.233.65
233,Igor,Wewell,iwewell6g@cnet.com,Male,94.246.160.248
234,Gustavus,Drance,gdrance6h@posterous.com,Male,39.104.110.170
235,Germain,Hurkett,ghurkett6i@dedecms.com,Female,176.232.86.249
236,Karoline,Gotcher,kgotcher6j@cbsnews.com,Female,150.15.239.197
237,Dillie,Sterricker,dsterricker6k@lycos.com,Male,26.28.10.211
238,Fairfax,Harden,fharden6l@360.cn,Male,148.159.153.255
239,Kristy,Straneo,kstraneo6m@shinystat.com,Female,252.147.231.229
240,Antoni,Allatt,aallatt6n@devhub.com,Male,198.41.90.124
241,Beaufort,Lathee,blathee6o@sourceforge.net,Male,150.245.248.58
242,Eimile,Ingry,eingry6p@illinois.edu,Female,207.148.56.93
243,Nevins,De Giorgi,ndegiorgi6q@java.com,Male,40.246.44.123
244,Chev,Letcher,cletcher6r@jigsy.com,Male,16.3.190.247
245,Spence,Wisbey,swisbey6s@fc2.com,Male,238.244.168.198
246,Mamie,Jakubowski,mjakubowski6t@aol.com,Female,126.148.51.71
247,Amelita,Headrick,aheadrick6u@abc.net.au,Female,186.248.123.201
248,Gonzalo,Tumilson,gtumilson6v@dion.ne.jp,Male,131.162.78.100
249,Katharyn,Yosselevitch,kyosselevitch6w@e-recht24.de,Female,113.91.82.62
250,Silvanus,Scholard,sscholard6x@europa.eu,Bigender,10.33.139.220
251,Leonore,Splaven,lsplaven6y@cnet.com,Female,248.162.182.242
252,Janeta,Glantz,jglantz6z@yandex.ru,Female,82.205.129.81
253,Sylas,O'Cannavan,socannavan70@bbc.co.uk,Male,212.189.235.238
254,Darren,Matejic,dmatejic71@spotify.com,Male,159.106.141.162
255,Tremaine,Fulker,tfulker72@nymag.com,Male,219.153.58.117
256,Glyn,Howett,ghowett73@godaddy.com,Female,209.254.39.106
257,Nevins,Bellows,nbellows74@nifty.com,Male,37.112.239.196
258,Milty,McGibbon,mmcgibbon75@mtv.com,Male,43.123.80.66
259,Marlin,Baress,mbaress76@squidoo.com,Male,196.206.131.253
260,Kalinda,Hudson,khudson77@sitemeter.com,Female,159.143.75.115
261,Arman,Dallender,adallender78@nature.com,Male,15.116.215.178
262,Gail,Lamba,glamba79@amazon.co.jp,Female,160.147.169.38
263,Harcourt,Faherty,hfaherty7a@behance.net,Male,93.172.34.72
264,Kurtis,Runnicles,krunnicles7b@ihg.com,Male,113.175.242.16
265,Inger,Cresser,icresser7c@xing.com,Female,252.132.141.15
266,Bertie,Farbrace,bfarbrace7d@nationalgeographic.com,Female,249.14.131.30
267,Ky,Smithson,ksmithson7e@sbwire.com,Male,85.61.84.213
268,Denney,Dollman,ddollman7f@plala.or.jp,Male,179.118.157.59
269,Karie,Primarolo,kprimarolo7g@slashdot.org,Female,175.159.222.77
270,Hester,Dominico,hdominico7h@bravesites.com,Female,189.207.81.217
271,Rutger,Capps,rcapps7i@ft.com,Male,56.32.155.187
272,Ulysses,Everal,ueveral7j@netvibes.com,Male,157.120.76.16
273,Dolf,Crossley,dcrossley7k@163.com,Male,102.65.75.123
274,Maia,Machon,mmachon7l@lulu.com,Bigender,234.95.45.75
275,Talyah,Daventry,tdaventry7m@unesco.org,Female,92.160.75.26
276,Barton,McIntosh,bmcintosh7n@hexun.com,Male,198.104.194.24
277,Lyle,Darte,ldarte7o@narod.ru,Male,144.152.244.18
278,Noak,Rodgman,nrodgman7p@barnesandnoble.com,Male,53.110.48.167
279,Shara,Lyddyard,slyddyard7q@w3.org,Female,7.241.92.221
280,Jayme,Huckin,jhuckin7r@photobucket.com,Female,61.220.172.210
281,Dodie,Flecknell,dflecknell7s@pagesperso-orange.fr,Female,128.29.176.184
282,Karel,Gainforth,kgainforth7t@oakley.com,Male,18.64.29.220
283,Grange,Klimke,gklimke7u@ezinearticles.com,Male,201.223.112.38
284,Skippie,Schettini,sschettini7v@purevolume.com,Male,24.69.253.78
285,Roderigo,Elph,relph7w@cafepress.com,Male,50.163.103.110
286,Adrea,While,awhile7x@yellowpages.com,Female,143.109.89.86
287,Daisi,Rillatt,drillatt7y@delicious.com,Female,73.195.83.203
288,Harcourt,Grogan,hgrogan7z@cam.ac.uk,Male,85.30.38.148
289,Tawsha,Ducket,tducket80@webmd.com,Female,224.229.29.104
290,Rosene,Freak,rfreak81@hp.com,Female,113.152.141.3
291,Meggie,Sisse,msisse82@tuttocitta.it,Genderqueer,188.252.233.238
292,Rockwell,Ranner,rranner83@opera.com,Male,158.135.74.175
293,Osbourn,Lashley,olashley84@google.cn,Male,21.166.19.148
294,Sigfried,Whooley,swhooley85@twitpic.com,Male,92.220.104.142
295,Verena,Barukh,vbarukh86@cnn.com,Female,234.240.1.96
296,Dmitri,Prisley,dprisley87@wikipedia.org,Male,18.99.254.29
297,Lemar,Goode,lgoode88@live.com,Male,67.12.82.59
298,Katalin,Goldbourn,kgoldbourn89@a8.net,Female,218.229.172.99
299,Nelle,Calderbank,ncalderbank8a@blinklist.com,Female,64.30.47.41
300,Dave,Nutkin,dnutkin8b@bloomberg.com,Male,122.254.129.107
301,Florette,Stacy,fstacy8c@twitpic.com,Female,31.231.178.226
302,Wayland,Geldart,wgeldart8d@g.co,Male,106.21.167.128
303,Simonette,Massimo,smassimo8e@youtube.com,Female,76.7.64.9
304,Ida,Allcroft,iallcroft8f@prweb.com,Bigender,68.47.20.207
305,Nate,Askaw,naskaw8g@a8.net,Male,59.64.218.86
306,Lucia,Summersett,lsummersett8h@census.gov,Female,182.64.44.39
307,Francisca,Carus,fcarus8i@businessinsider.com,Female,97.115.97.203
308,Neysa,Dennett,ndennett8j@privacy.gov.au,Female,213.4.36.46
309,Sollie,Tenwick,stenwick8k@apple.com,Male,86.236.1.151
310,Ferrel,Spillett,fspillett8l@plala.or.jp,Agender,186.204.33.193
311,Gail,Kinchin,gkinchin8m@free.fr,Male,175.147.91.240
312,Vevay,Kulas,vkulas8n@cornell.edu,Genderfluid,28.233.130.130
313,Lilias,Mucklo,lmucklo8o@stumbleupon.com,Female,34.253.93.243
314,Nickie,Tullis,ntullis8p@deliciousdays.com,Male,183.114.94.178
315,Westley,Covil,wcovil8q@java.com,Male,35.123.42.156
316,Rudd,Caroll,rcaroll8r@ft.com,Male,5.237.51.208
317,Moina,Haggleton,mhaggleton8s@theguardian.com,Female,85.80.182.92
318,Burch,Sawood,bsawood8t@cpanel.net,Male,77.12.241.180
319,Gretal,Pfeuffer,gpfeuffer8u@huffingtonpost.com,Female,118.219.41.252
320,Herminia,Blight,hblight8v@google.cn,Female,169.81.210.135
321,Leia,Boor,lboor8w@bloomberg.com,Female,5.242.214.210
322,Gipsy,Cornick,gcornick8x@vkontakte.ru,Female,145.7.70.204
323,Vickie,Gewer,vgewer8y@amazonaws.com,Female,50.33.85.190
324,Gregory,Otson,gotson8z@dailymotion.com,Male,83.82.166.100
325,Mathew,Froud,mfroud90@php.net,Male,222.0.55.95
326,Kermie,Ritmeyer,kritmeyer91@dailymail.co.uk,Male,252.133.45.181
327,Jess,Nanelli,jnanelli92@ibm.com,Female,39.104.230.2
328,Emiline,Bodycomb,ebodycomb93@umich.edu,Female,59.45.58.221
329,Kathie,Filippov,kfilippov94@scientificamerican.com,Female,169.102.151.154
330,Mia,Chicchetto,mchicchetto95@aol.com,Bigender,137.16.87.40
331,Isiahi,Tremathack,itremathack96@mail.ru,Male,253.157.32.136
332,Konstantin,Fenny,kfenny97@nsw.gov.au,Male,59.236.3.49
333,Dag,Kimbling,dkimbling98@yolasite.com,Male,194.203.243.187
334,Jaquelyn,Beedie,jbeedie99@about.com,Female,171.141.13.21
335,Meredith,Jelly,mjelly9a@elegantthemes.com,Female,171.250.199.89
336,Sutherlan,Feldmus,sfeldmus9b@hubpages.com,Male,84.7.126.112
337,Cazzie,Gahagan,cgahagan9c@wordpress.org,Male,192.227.38.90
338,Ola,Langham,olangham9d@taobao.com,Female,29.229.48.102
339,Brena,Linsley,blinsley9e@thetimes.co.uk,Female,83.252.4.194
340,Kimball,Mundall,kmundall9f@360.cn,Agender,90.194.85.246
341,Derrek,Bissiker,dbissiker9g@whitehouse.gov,Male,136.63.114.49
342,Gilberto,MacColgan,gmaccolgan9h@de.vu,Male,81.41.71.45
343,Tadeas,Eastmead,teastmead9i@jalbum.net,Male,161.94.68.43
344,Tades,Spollen,tspollen9j@sbwire.com,Male,191.218.161.171
345,Gena,Dobbson,gdobbson9k@amazon.de,Female,203.98.212.42
346,Emlyn,Aubrun,eaubrun9l@mail.ru,Male,196.56.92.86
347,Paton,Widmoor,pwidmoor9m@npr.org,Male,12.242.229.110
348,Merrel,Lanphier,mlanphier9n@tumblr.com,Male,209.45.221.185
349,Merrielle,Westbrook,mwestbrook9o@cam.ac.uk,Female,220.183.30.132
350,Thea,Ebbles,tebbles9p@macromedia.com,Female,115.166.63.5
351,Sampson,Brixey,sbrixey9q@webnode.com,Polygender,88.41.249.110
352,Barty,McGraffin,bmcgraffin9r@spiegel.de,Male,237.101.242.133
353,Cortie,Pollastrone,cpollastrone9s@bing.com,Male,221.180.136.25
354,Tara,Duck,tduck9t@berkeley.edu,Female,160.68.126.102
355,Candide,Jorgensen,cjorgensen9u@gizmodo.com,Non-binary,131.120.214.134
356,Julian,Deyenhardt,jdeyenhardt9v@blogger.com,Male,66.39.83.96
357,Cristi,McGinny,cmcginny9w@dot.gov,Female,61.133.167.211
358,Marilyn,Sandys,msandys9x@blinklist.com,Female,29.151.149.189
359,Alie,Waren,awaren9y@multiply.com,Female,46.207.13.111
360,Philippine,Caras,pcaras9z@hostgator.com,Female,159.144.53.102
361,Nico,Hoyte,nhoytea0@fc2.com,Male,32.130.141.242
362,Rutledge,Hartwright,rhartwrighta1@tinypic.com,Male,46.185.63.147
363,Elaina,Garforth,egarfortha2@amazon.co.uk,Female,118.96.46.133
364,Briana,Woolpert,bwoolperta3@technorati.com,Female,200.92.195.207
365,Tamra,Harme,tharmea4@skype.com,Female,84.28.130.96
366,Raphael,Erswell,rerswella5@purevolume.com,Male,195.193.112.187
367,Barbra,Frayne,bfraynea6@4shared.com,Female,182.131.102.226
368,Thorin,Stannis,tstannisa7@people.com.cn,Male,35.102.21.94
369,Adiana,Currie,acurriea8@nsw.gov.au,Agender,230.203.218.50
370,Zach,Sodeau,zsodeaua9@homestead.com,Male,43.224.94.66
371,Lizzie,Whittock,lwhittockaa@trellian.com,Female,140.59.34.209
372,Beaufort,Sommerville,bsommervilleab@fc2.com,Male,200.183.198.200
373,Constantine,Pagitt,cpagittac@berkeley.edu,Male,4.239.36.70
374,Laurent,Perrigo,lperrigoad@nhs.uk,Male,8.130.212.122
375,Myron,Headingham,mheadinghamae@usda.gov,Male,189.38.162.26
376,Dinny,Mulheron,dmulheronaf@blogtalkradio.com,Female,126.204.107.29
377,Fritz,Robillard,frobillardag@harvard.edu,Male,229.51.244.49
378,Jodee,Antognozzii,jantognozziiah@samsung.com,Female,124.172.190.232
379,Glenn,Cupitt,gcupittai@netscape.com,Male,188.127.21.182
380,Noah,Coopey,ncoopeyaj@feedburner.com,Male,88.190.78.198
381,Emili,Chetter,echetterak@dailymotion.com,Female,176.159.94.18
382,Garrick,Free,gfreeal@oracle.com,Male,188.95.26.21
383,Cesaro,Isacke,cisackeam@time.com,Male,94.216.209.178
384,Franni,Moylan,fmoylanan@yellowpages.com,Female,139.33.13.73
385,Horacio,Bankhurst,hbankhurstao@craigslist.org,Male,98.204.166.187
386,Ruthanne,Cantor,rcantorap@state.gov,Genderfluid,164.151.39.22
387,Andie,Stollenhof,astollenhofaq@gizmodo.com,Male,239.32.188.194
388,Athene,Cutill,acutillar@ucsd.edu,Genderqueer,25.143.168.17
389,Igor,Aplin,iaplinas@europa.eu,Male,16.188.188.253
390,Leeland,Thecham,lthechamat@freewebs.com,Male,178.228.172.128
391,Tailor,Strongitharm,tstrongitharmau@boston.com,Male,39.90.180.98
392,Loise,Chesney,lchesneyav@livejournal.com,Female,26.81.76.206
393,Nathanael,Oaks,noaksaw@google.it,Male,79.110.187.21
394,Bat,Gossage,bgossageax@fda.gov,Male,57.9.124.62
395,Hinze,Crookshanks,hcrookshanksay@gizmodo.com,Male,222.87.175.123
396,Deanna,Beamson,dbeamsonaz@geocities.jp,Female,106.242.83.2
397,Trevar,Nolli,tnollib0@google.com.au,Male,52.201.193.51
398,Magda,Eburne,meburneb1@statcounter.com,Female,236.150.239.199
399,Elane,Medlen,emedlenb2@chicagotribune.com,Female,84.38.139.17
400,Galen,Frounks,gfrounksb3@geocities.jp,Male,67.203.161.250
401,Briggs,Vlasenkov,bvlasenkovb4@time.com,Male,14.155.56.241
402,Filbert,Pudsey,fpudseyb5@stanford.edu,Male,79.37.130.75
403,Terencio,Doward,tdowardb6@blogspot.com,Male,145.34.76.226
404,Cos,Futter,cfutterb7@biblegateway.com,Male,81.245.246.32
405,Taddeusz,Scannell,tscannellb8@desdev.cn,Male,120.85.255.231
406,Nicolais,Riddock,nriddockb9@reddit.com,Male,122.231.230.76
407,Joyann,Ploughwright,jploughwrightba@scientificamerican.com,Female,104.222.49.146
408,Rodrique,Paige,rpaigebb@ihg.com,Male,212.97.230.128
409,Almeda,Bardsley,abardsleybc@nih.gov,Female,178.93.184.55
410,Quintina,Pencost,qpencostbd@thetimes.co.uk,Female,120.68.207.155
411,Cammi,Utting,cuttingbe@cbslocal.com,Female,50.231.204.102
412,Karina,Morgue,kmorguebf@unblog.fr,Female,234.224.39.107
413,Delmer,Duiged,dduigedbg@virginia.edu,Male,20.58.44.29
414,Edmon,Courtier,ecourtierbh@webeden.co.uk,Male,245.77.126.203
415,Rhett,Sagg,rsaggbi@github.com,Male,196.53.137.20
416,Bunny,Vell,bvellbj@diigo.com,Female,195.235.193.170
417,Nealson,Benjafield,nbenjafieldbk@cbslocal.com,Bigender,24.132.87.197
418,Benita,Snaden,bsnadenbl@clickbank.net,Female,85.118.208.33
419,Corrie,Mathiassen,cmathiassenbm@weebly.com,Female,10.85.61.213
420,Lanita,Bercher,lbercherbn@hostgator.com,Female,248.116.2.87
421,Lind,Sterrick,lsterrickbo@mozilla.com,Male,18.115.248.192
422,Duffy,Beesey,dbeeseybp@zimbio.com,Male,57.28.229.139
423,Pail,Bangiard,pbangiardbq@cam.ac.uk,Male,143.175.128.193
424,Hersch,Francello,hfrancellobr@woothemes.com,Male,244.120.112.134
425,Hedda,McGowran,hmcgowranbs@unesco.org,Female,175.126.154.176
426,Elliott,Hawtin,ehawtinbt@nbcnews.com,Male,239.91.58.28
427,Randi,Battey,rbatteybu@apache.org,Female,134.146.170.208
428,Fabio,Yesinov,fyesinovbv@vistaprint.com,Male,82.214.81.177
429,Andree,Drews,adrewsbw@dagondesign.com,Female,121.21.61.180
430,Anallese,Janton,ajantonbx@nasa.gov,Female,85.224.150.231
431,Shirley,Iverson,siversonby@themeforest.net,Female,150.96.218.133
432,Angelle,Iskowicz,aiskowiczbz@sbwire.com,Female,66.252.172.53
433,Bartholomew,Sitlington,bsitlingtonc0@comcast.net,Male,14.63.84.37
434,Issiah,Augie,iaugiec1@dailymotion.com,Genderqueer,215.178.191.226
435,Roxy,Nolton,rnoltonc2@theatlantic.com,Female,106.79.75.127
436,Alfreda,Seden,asedenc3@statcounter.com,Female,134.78.102.9
437,Nelli,Rowston,nrowstonc4@home.pl,Female,171.147.15.195
438,Quentin,Askie,qaskiec5@discuz.net,Female,234.124.102.240
439,Ilse,Heinsen,iheinsenc6@tiny.cc,Female,104.187.35.220
440,Rosanna,Cicutto,rcicuttoc7@digg.com,Female,231.177.100.58
441,Karylin,Brozek,kbrozekc8@bigcartel.com,Genderfluid,144.17.92.105
442,Bette,Yalden,byaldenc9@china.com.cn,Female,126.153.202.128
443,Rafa,Bertouloume,rbertouloumeca@twitpic.com,Female,0.109.61.112
444,Gelya,Hriinchenko,ghriinchenkocb@cbc.ca,Female,221.194.55.219
445,Eberto,Affron,eaffroncc@lulu.com,Male,49.74.53.89
446,Stephi,Gerrans,sgerranscd@spotify.com,Female,47.190.200.134
447,Ganny,Robbs,grobbsce@youku.com,Male,93.41.85.183
448,Max,Learmond,mlearmondcf@about.com,Female,168.11.100.90
449,Sibella,Tassell,stassellcg@wordpress.org,Female,147.213.20.131
450,Dari,Van der Beken,dvanderbekench@google.ca,Female,158.96.201.244
451,Waldemar,Filisov,wfilisovci@parallels.com,Male,174.221.77.22
452,Davin,Sampson,dsampsoncj@webs.com,Male,74.67.74.114
453,Fergus,Celloni,fcellonick@soup.io,Male,77.41.72.200
454,Layne,Matussow,lmatussowcl@tinyurl.com,Female,147.23.247.187
455,Haskel,Fiddy,hfiddycm@usa.gov,Male,244.198.90.179
456,Stacee,Orford,sorfordcn@xrea.com,Male,223.183.75.173
457,Genny,Sand,gsandco@fotki.com,Female,192.71.59.216
458,Elinore,Yelyashev,eyelyashevcp@flavors.me,Female,99.96.51.149
459,Hilario,Caulfield,hcaulfieldcq@odnoklassniki.ru,Male,8.245.150.129
460,Freeland,Jansens,fjansenscr@msu.edu,Male,112.184.121.161
461,Marion,Kittman,mkittmancs@sfgate.com,Female,12.198.89.150
462,Jemie,Stoppe,jstoppect@google.de,Female,155.31.225.67
463,Theodosia,Ebbers,tebberscu@goo.gl,Female,229.5.236.103
464,Catrina,Flintuff,cflintuffcv@merriam-webster.com,Female,66.100.95.146
465,Wandis,Ruggs,wruggscw@altervista.org,Female,71.111.117.252
466,Parsifal,Dowber,pdowbercx@youtu.be,Male,151.131.255.0
467,Neel,Haet,nhaetcy@businesswire.com,Male,107.66.230.99
468,Denys,Seer,dseercz@w3.org,Male,52.28.137.195
469,Kip,Kowalski,kkowalskid0@cdc.gov,Female,157.32.58.173
470,Stephana,Bielfelt,sbielfeltd1@hatena.ne.jp,Female,189.115.229.10
471,Cristy,Clute,ccluted2@berkeley.edu,Female,131.115.174.227
472,Quincey,Bruun,qbruund3@gizmodo.com,Male,43.66.42.69
473,Kali,Luberto,klubertod4@bloglovin.com,Female,36.18.176.24
474,Antons,Gossan,agossand5@ifeng.com,Male,203.17.216.12
475,Simone,Hullbrook,shullbrookd6@phpbb.com,Female,102.203.25.30
476,Rubi,Hubatsch,rhubatschd7@google.com.hk,Female,127.44.147.139
477,Ansel,Aldrick,aaldrickd8@stanford.edu,Male,30.254.195.156
478,Carmine,Need,cneedd9@un.org,Male,164.49.37.68
479,Waly,Godly,wgodlyda@webs.com,Female,126.98.39.60
480,Astrix,Flohard,afloharddb@netvibes.com,Female,108.153.42.154
481,Yvon,Lauxmann,ylauxmanndc@harvard.edu,Male,33.107.27.52
482,Herminia,Dominka,hdominkadd@amazon.com,Female,23.77.176.115
483,Lawton,Goold,lgooldde@seattletimes.com,Male,79.1.45.85
484,Aliza,Lodwick,alodwickdf@blinklist.com,Female,209.238.64.40
485,Petunia,Daynter,pdaynterdg@usatoday.com,Female,72.26.193.184
486,Levey,Jandera,ljanderadh@ftc.gov,Male,58.35.244.174
487,Dorian,Perllman,dperllmandi@businessinsider.com,Female,222.139.131.47
488,Rubie,Shoulders,rshouldersdj@ted.com,Female,242.112.232.61
489,Edgardo,Andrelli,eandrellidk@jugem.jp,Male,100.18.3.77
490,Ephraim,Majury,emajurydl@phoca.cz,Male,85.88.190.254
491,Beatriz,Joice,bjoicedm@geocities.jp,Female,249.209.11.219
492,Gerianna,Grafhom,ggrafhomdn@gravatar.com,Female,172.193.33.167
493,Dulciana,Wardley,dwardleydo@behance.net,Genderfluid,17.124.115.97
494,Peta,Giaomozzo,pgiaomozzodp@aol.com,Female,148.56.248.1
495,Evelyn,Van den Velde,evandenveldedq@skype.com,Male,18.96.83.109
496,Genevieve,Strowan,gstrowandr@columbia.edu,Female,105.110.234.36
497,Donelle,Mellor,dmellords@sun.com,Female,143.157.163.46
498,Lorin,Binham,lbinhamdt@purevolume.com,Male,216.61.3.68
499,Gabriele,Birtwell,gbirtwelldu@woothemes.com,Male,116.146.228.169
500,Mahmud,Dallander,mdallanderdv@mysql.com,Male,106.174.20.120
501,Susannah,Wilden,swildendw@senate.gov,Female,162.243.191.97
502,Tibold,Quipp,tquippdx@themeforest.net,Agender,14.77.41.248
503,Cyndi,Staddon,cstaddondy@odnoklassniki.ru,Female,149.73.188.20
504,Lucilia,Lamberth,llamberthdz@google.pl,Bigender,133.167.8.57
505,Rodi,Gerhardt,rgerhardte0@hostgator.com,Female,87.111.253.82
506,Layney,Heathorn,lheathorne1@admin.ch,Female,209.163.225.21
507,Marylin,Thomke,mthomkee2@zimbio.com,Female,229.37.243.166
508,Renelle,Medwell,rmedwelle3@house.gov,Female,198.107.46.214
509,Julianne,Cullrford,jcullrforde4@miibeian.gov.cn,Female,241.154.109.197
510,Benjie,Pyzer,bpyzere5@ebay.com,Male,185.47.245.192
511,Billi,Palfery,bpalferye6@taobao.com,Bigender,250.91.206.75
512,Calypso,Campelli,ccampellie7@bigcartel.com,Female,123.192.201.1
513,Nikki,Yurmanovev,nyurmanoveve8@howstuffworks.com,Female,121.132.174.128
514,Urbanus,Latore,ulatoree9@quantcast.com,Male,201.30.153.94
515,Cathy,Longrigg,clongriggea@homestead.com,Female,223.253.98.44
516,Tamiko,McVey,tmcveyeb@artisteer.com,Female,10.190.60.231
517,Sebastiano,Wheelton,swheeltonec@opensource.org,Male,231.4.35.79
518,Wheeler,Kille,wkilleed@fema.gov,Genderqueer,129.227.130.233
519,Cornell,Sanbrooke,csanbrookeee@a8.net,Male,149.129.250.179
520,Dyanna,Wingham,dwinghamef@odnoklassniki.ru,Female,192.237.243.220
521,Rufe,Dabbs,rdabbseg@hostgator.com,Male,124.72.47.219
522,Sanders,Petcher,spetchereh@tuttocitta.it,Male,52.236.211.20
523,Osborne,Long,olongei@miitbeian.gov.cn,Male,55.110.222.198
524,Dolli,Swinfen,dswinfenej@deliciousdays.com,Female,241.98.116.231
525,Lizzie,Kaaskooper,lkaaskooperek@cocolog-nifty.com,Female,7.70.140.176
526,Cristina,Barrows,cbarrowsel@dropbox.com,Female,35.63.220.224
527,Lindie,Cousin,lcousinem@theguardian.com,Female,41.230.131.87
528,Barth,Gorrick,bgorricken@example.com,Male,22.101.48.42
529,Max,Stuttman,mstuttmaneo@cdc.gov,Genderfluid,41.157.184.226
530,Scarlett,Geall,sgeallep@hibu.com,Female,218.76.119.102
531,Aloise,Pavis,apaviseq@npr.org,Female,187.36.5.156
532,Christabel,Seson,csesoner@tmall.com,Female,205.133.150.30
533,Georgianna,Rayman,graymanes@mit.edu,Female,211.238.135.1
534,Gael,Vynoll,gvynollet@amazonaws.com,Male,13.66.68.140
535,Gaile,Cone,gconeeu@php.net,Agender,226.156.231.229
536,Viva,Cutsforth,vcutsforthev@guardian.co.uk,Female,16.212.130.136
537,Darcee,Tanti,dtantiew@shop-pro.jp,Female,195.156.34.158
538,Sonja,Wreak,swreakex@infoseek.co.jp,Female,103.182.245.239
539,Tandie,Filippyev,tfilippyevey@dailymotion.com,Female,246.58.51.29
540,Zitella,O'Lochan,zolochanez@cafepress.com,Female,187.85.132.74
541,Timmie,Gwynn,tgwynnf0@bluehost.com,Male,207.156.155.100
542,Karlee,Clemanceau,kclemanceauf1@webnode.com,Female,243.251.197.222
543,Minor,Evreux,mevreuxf2@aboutads.info,Male,86.106.243.98
544,Modesta,MacComiskey,mmaccomiskeyf3@blinklist.com,Female,115.173.127.154
545,Jarid,Belton,jbeltonf4@accuweather.com,Male,91.229.70.20
546,Jude,Stow,jstowf5@istockphoto.com,Male,7.253.241.213
547,Dore,McNirlin,dmcnirlinf6@ow.ly,Female,40.232.144.205
548,Goober,Ricson,gricsonf7@exblog.jp,Male,208.241.5.36
549,Goldie,Blanking,gblankingf8@psu.edu,Female,145.69.3.5
550,Adrianne,Geelan,ageelanf9@weather.com,Female,74.112.198.211
551,Barnebas,Copsey,bcopseyfa@csmonitor.com,Polygender,169.119.132.10
552,Wendell,Blowes,wblowesfb@craigslist.org,Male,77.221.228.80
553,Felice,Flaherty,fflahertyfc@columbia.edu,Male,222.149.175.91
554,Danette,Denyakin,ddenyakinfd@istockphoto.com,Female,149.158.1.111
555,Paloma,Petworth,ppetworthfe@hud.gov,Female,216.173.157.128
556,Gerta,Cowdray,gcowdrayff@wsj.com,Female,95.161.97.207
557,Linnea,Mytton,lmyttonfg@ezinearticles.com,Female,110.211.108.124
558,Bone,Filby,bfilbyfh@ovh.net,Male,163.184.142.226
559,Aridatha,Baggelley,abaggelleyfi@chronoengine.com,Female,85.84.68.26
560,Madison,Olivetti,molivettifj@behance.net,Male,125.3.213.76
561,Virgilio,Minci,vmincifk@economist.com,Male,14.17.248.100
562,Durante,Cumberbatch,dcumberbatchfl@elpais.com,Bigender,27.7.35.203
563,Gunar,Payze,gpayzefm@google.de,Male,54.83.145.190
564,Ludvig,Wilfling,lwilflingfn@meetup.com,Male,179.155.45.171
565,Galvin,Truitt,gtruittfo@usa.gov,Male,232.108.117.200
566,Dara,Monsey,dmonseyfp@fastcompany.com,Female,141.62.96.177
567,Robbin,Cartlidge,rcartlidgefq@google.ru,Female,44.3.213.31
568,Dorri,Cressingham,dcressinghamfr@amazon.co.uk,Female,52.166.251.240
569,Amery,Matusov,amatusovfs@reddit.com,Male,163.230.250.250
570,Weber,Whapples,wwhapplesft@narod.ru,Genderqueer,139.143.41.255
571,Peirce,Disdel,pdisdelfu@vk.com,Male,58.97.227.17
572,Nanny,Neaves,nneavesfv@123-reg.co.uk,Female,161.230.165.20
573,Donnie,Sigg,dsiggfw@bloglovin.com,Female,253.138.127.45
574,D'arcy,Massingberd,dmassingberdfx@t-online.de,Male,37.155.184.227
575,Brittan,Snipe,bsnipefy@cnet.com,Polygender,244.212.81.171
576,Lennie,O'Toole,lotoolefz@marriott.com,Male,202.234.226.220
577,Crichton,Dilliston,cdillistong0@1und1.de,Male,193.122.52.22
578,Auguste,Paulucci,apauluccig1@shutterfly.com,Female,172.34.194.157
579,Sibylla,Stent,sstentg2@hao123.com,Female,159.84.61.161
580,Friederike,Pickthorne,fpickthorneg3@goo.ne.jp,Female,229.211.215.99
581,Caz,Aaronsohn,caaronsohng4@hc360.com,Male,146.155.103.215
582,Candice,Ponder,cponderg5@spotify.com,Female,46.238.129.236
583,Benedikta,Petcher,bpetcherg6@bloglines.com,Female,213.108.65.27
584,Reuben,Ambroix,rambroixg7@hud.gov,Male,82.117.242.209
585,Hillier,Lockley,hlockleyg8@parallels.com,Male,168.80.102.222
586,Vachel,Hewes,vhewesg9@blogger.com,Male,191.192.197.131
587,Kylynn,Bunney,kbunneyga@oracle.com,Female,3.115.178.214
588,Clayborn,Whitwham,cwhitwhamgb@issuu.com,Male,32.159.249.42
589,Johnath,McMarquis,jmcmarquisgc@is.gd,Female,22.2.125.49
590,Marcos,Patron,mpatrongd@scientificamerican.com,Male,104.127.52.70
591,Caryl,Reddle,creddlege@dailymotion.com,Female,208.44.175.250
592,Bowie,Kasper,bkaspergf@parallels.com,Male,200.28.15.138
593,Ricca,Cotterel,rcotterelgg@baidu.com,Female,96.130.107.103
594,Johnathon,Mix,jmixgh@xinhuanet.com,Male,14.115.24.170
595,Demetra,Reisk,dreiskgi@wikipedia.org,Female,172.105.110.163
596,Quinn,Rodolico,qrodolicogj@rakuten.co.jp,Agender,101.93.103.72
597,Whit,Aubrey,waubreygk@discuz.net,Male,35.43.96.84
598,Danni,Gaffon,dgaffongl@xrea.com,Female,84.209.247.111
599,Seward,Amner,samnergm@spiegel.de,Male,189.100.40.55
600,Carling,Easter,ceastergn@umn.edu,Male,16.114.207.17
601,Ripley,Gadault,rgadaultgo@geocities.jp,Male,75.79.188.64
602,Vitia,Maggiori,vmaggiorigp@wordpress.com,Female,89.120.231.143
603,Gris,Fatharly,gfatharlygq@canalblog.com,Male,18.253.9.80
604,Konstantine,Genty,kgentygr@columbia.edu,Male,72.249.162.133
605,Walsh,Mackrill,wmackrillgs@engadget.com,Male,173.112.170.157
606,Berty,Liffey,bliffeygt@ca.gov,Male,7.64.224.121
607,Chester,Landsborough,clandsboroughgu@businesswire.com,Male,101.193.22.207
608,Libbie,O'Riordan,loriordangv@edublogs.org,Female,163.203.52.64
609,Xylina,Perschke,xperschkegw@prlog.org,Genderqueer,136.113.203.167
610,Erik,Cella,ecellagx@clickbank.net,Male,33.34.117.228
611,Anstice,De la Zenne,adelazennegy@dot.gov,Female,200.248.37.144
612,Kipp,Basso,kbassogz@examiner.com,Male,194.102.91.155
613,Laural,Slainey,lslaineyh0@wp.com,Female,191.170.21.182
614,Flint,Westwood,fwestwoodh1@amazon.de,Male,78.97.39.25
615,Ludwig,Rosnau,lrosnauh2@earthlink.net,Agender,177.25.10.14
616,Sibylla,Kermath,skermathh3@bluehost.com,Female,152.97.228.52
617,Lukas,Boise,lboiseh4@vistaprint.com,Male,30.30.223.66
618,Myrilla,Kirwood,mkirwoodh5@spiegel.de,Female,95.1.110.28
619,Luisa,Liversley,lliversleyh6@ted.com,Female,214.125.92.45
620,Vallie,Trengove,vtrengoveh7@dyndns.org,Female,24.123.129.129
621,Cornela,Stag,cstagh8@msn.com,Female,153.168.230.197
622,Sibley,Clingan,sclinganh9@rakuten.co.jp,Female,96.164.58.42
623,Randie,Longhirst,rlonghirstha@time.com,Female,10.232.101.27
624,Brynne,Dinis,bdinishb@bandcamp.com,Bigender,178.23.127.11
625,Hamish,Gaber,hgaberhc@europa.eu,Male,207.159.79.164
626,Lorita,Dodsworth,ldodsworthhd@ca.gov,Female,240.251.231.21
627,Percival,Nickless,pnicklesshe@virginia.edu,Male,57.2.86.207
628,Tiertza,Barten,tbartenhf@npr.org,Female,19.149.165.126
629,Cherry,Dominiak,cdominiakhg@simplemachines.org,Female,18.86.249.169
630,Michail,Mattiuzzi,mmattiuzzihh@lycos.com,Male,76.216.234.227
631,Humfrid,Hassin,hhassinhi@amazon.co.uk,Male,98.226.166.159
632,Anselma,Ricket,arickethj@desdev.cn,Female,211.229.94.21
633,Faber,Burstowe,fburstowehk@bbb.org,Male,250.174.37.142
634,Arvie,Murford,amurfordhl@abc.net.au,Male,26.132.27.168
635,Luisa,Kynoch,lkynochhm@wix.com,Female,116.215.79.76
636,Arley,Hinge,ahingehn@un.org,Male,67.222.17.59
637,Inglebert,Abramowitch,iabramowitchho@yelp.com,Male,173.247.182.159
638,Cyndie,Rhodes,crhodeshp@bloglovin.com,Bigender,10.207.113.73
639,Sibelle,Clulee,scluleehq@eventbrite.com,Non-binary,211.218.156.3
640,Charmion,Gareisr,cgareisrhr@princeton.edu,Female,104.139.93.169
641,Sapphire,Reedy,sreedyhs@miitbeian.gov.cn,Female,153.243.220.172
642,Carmon,Elgee,celgeeht@omniture.com,Female,78.24.24.64
643,Alanson,Harburtson,aharburtsonhu@trellian.com,Male,140.143.140.18
644,Edin,Simonelli,esimonellihv@ifeng.com,Female,124.251.204.148
645,Tiffie,Ericsson,tericssonhw@imgur.com,Female,34.140.18.85
646,Cornie,Purdon,cpurdonhx@utexas.edu,Female,222.113.80.3
647,Carree,Bartalini,cbartalinihy@uol.com.br,Female,70.116.184.172
648,Lynnell,Jobke,ljobkehz@desdev.cn,Female,41.208.53.171
649,Madelene,Gatecliff,mgatecliffi0@photobucket.com,Female,19.145.204.99
650,Ardyce,Aylesbury,aaylesburyi1@bing.com,Female,174.61.221.237
651,Tull,Hurkett,thurketti2@cisco.com,Genderfluid,221.134.71.225
652,Guthry,Kanter,gkanteri3@ocn.ne.jp,Male,123.160.6.112
653,Lindsay,Kitto,lkittoi4@e-recht24.de,Agender,169.139.103.47
654,Carlina,Castellone,ccastellonei5@newyorker.com,Female,223.92.235.239
655,Jerrold,Latour,jlatouri6@hostgator.com,Male,17.97.89.70
656,Judas,Fontel,jfonteli7@wordpress.org,Male,171.114.201.103
657,Francoise,Arber,farberi8@skype.com,Female,158.51.182.5
658,Morly,Djekic,mdjekici9@smh.com.au,Male,217.181.24.101
659,Shelby,Creegan,screegania@vk.com,Female,181.232.129.68
660,Agna,Sopp,asoppib@php.net,Female,214.44.179.37
661,Reginald,Dikles,rdiklesic@storify.com,Male,221.193.53.135
662,Grady,Kilcoyne,gkilcoyneid@adobe.com,Male,0.203.52.81
663,Culver,Smeath,csmeathie@wp.com,Male,147.25.232.112
664,Patton,Gelardi,pgelardiif@yahoo.co.jp,Male,233.239.186.233
665,Barb,Wollacott,bwollacottig@dell.com,Female,250.1.138.56
666,Brennen,Lamberteschi,blamberteschiih@wikia.com,Male,244.82.153.94
667,Kelcie,Smithson,ksmithsonii@linkedin.com,Female,157.68.112.29
668,Coleen,Walshe,cwalsheij@4shared.com,Female,34.88.248.190
669,Lucila,Machel,lmachelik@blogger.com,Female,94.175.248.95
670,Rubin,Ealden,realdenil@mediafire.com,Male,199.243.130.187
671,Faun,Jevon,fjevonim@economist.com,Female,57.53.95.112
672,Rafi,Wolfe,rwolfein@cam.ac.uk,Male,40.72.116.37
673,Heinrick,Jentet,hjentetio@thetimes.co.uk,Genderqueer,144.5.104.140
674,Isabelita,Nutman,inutmanip@army.mil,Female,45.153.111.215
675,Lovell,Purrier,lpurrieriq@squarespace.com,Male,20.68.237.130
676,Carly,Augar,caugarir@google.fr,Male,178.119.236.88
677,Orren,Sterry,osterryis@homestead.com,Male,11.146.207.190
678,Kaylil,Pristnor,kpristnorit@weibo.com,Female,51.205.12.184
679,Terza,Collum,tcollumiu@ycombinator.com,Female,149.217.141.177
680,Agnes,Boorman,aboormaniv@bloglovin.com,Female,172.216.100.154
681,Hendrika,Blood,hbloodiw@posterous.com,Female,246.26.131.208
682,Loralie,Vamplers,lvamplersix@phoca.cz,Female,189.11.166.54
683,Sergio,Huonic,shuoniciy@hao123.com,Male,73.14.253.88
684,Nathanial,Deverell,ndeverelliz@uol.com.br,Male,147.156.58.188
685,Bourke,Storry,bstorryj0@buzzfeed.com,Male,101.76.200.81
686,Margo,Fawthorpe,mfawthorpej1@independent.co.uk,Female,220.149.86.3
687,Jock,Maffetti,jmaffettij2@desdev.cn,Male,242.87.198.141
688,Lucias,Scading,lscadingj3@pcworld.com,Male,226.63.98.255
689,Giraud,Dicey,gdiceyj4@topsy.com,Male,28.58.110.180
690,Ced,Bayns,cbaynsj5@va.gov,Male,168.63.168.113
691,Denys,Whiscard,dwhiscardj6@ebay.co.uk,Female,68.3.231.11
692,Verne,Brewett,vbrewettj7@tiny.cc,Male,222.120.241.193
693,Sammy,Tosdevin,stosdevinj8@w3.org,Male,113.160.83.117
694,Granville,Heritege,gheritegej9@furl.net,Male,24.122.17.233
695,Steffane,Babbidge,sbabbidgeja@zimbio.com,Female,111.29.38.60
696,Solomon,Ansty,sanstyjb@seattletimes.com,Male,158.138.121.39
697,Zebulen,Howerd,zhowerdjc@walmart.com,Male,198.189.92.155
698,Sheree,Kezourec,skezourecjd@tamu.edu,Female,249.179.239.39
699,Noella,Usborn,nusbornje@ocn.ne.jp,Female,181.193.207.155
700,Jania,Bedbrough,jbedbroughjf@liveinternet.ru,Female,82.136.41.189
701,Kippy,Capner,kcapnerjg@facebook.com,Polygender,242.8.143.167
702,Jenny,Vorley,jvorleyjh@wired.com,Female,230.177.106.166
703,Tann,Lyttle,tlyttleji@baidu.com,Male,45.64.31.18
704,Davis,MacCrossan,dmaccrossanjj@stanford.edu,Male,13.214.217.127
705,Sampson,Illsley,sillsleyjk@theatlantic.com,Male,202.91.151.7
706,Waldo,Keller,wkellerjl@ocn.ne.jp,Male,106.140.221.59
707,Daven,Nern,dnernjm@mail.ru,Male,102.55.156.80
708,Micheline,Greeveson,mgreevesonjn@php.net,Female,26.72.12.179
709,Rafaelia,Wrightim,rwrightimjo@usgs.gov,Female,35.110.155.115
710,Brockie,Josifovic,bjosifovicjp@yandex.ru,Male,164.227.74.154
711,Luce,Tremoille,ltremoillejq@pbs.org,Male,219.28.252.135
712,Emmy,MacTurlough,emacturloughjr@gravatar.com,Male,103.248.235.192
713,Norby,Thibodeaux,nthibodeauxjs@google.co.jp,Male,10.133.31.216
714,Camilla,Willoughley,cwilloughleyjt@slashdot.org,Female,215.72.48.57
715,Archer,McLardie,amclardieju@multiply.com,Male,62.201.60.255
716,Dorisa,Vynoll,dvynolljv@google.com.br,Female,171.134.59.151
717,Udale,Pinnijar,upinnijarjw@reddit.com,Male,119.218.105.164
718,Gustav,Rizon,grizonjx@europa.eu,Male,231.133.64.173
719,Ronnica,Ounsworth,rounsworthjy@tamu.edu,Female,152.42.151.123
720,Matthus,Arnoll,marnolljz@tinyurl.com,Male,94.31.135.202
721,Lauraine,Scrimshire,lscrimshirek0@umn.edu,Female,59.73.164.53
722,Annelise,Denisovich,adenisovichk1@slashdot.org,Female,41.185.91.150
723,Durward,Crosgrove,dcrosgrovek2@unc.edu,Male,241.84.121.131
724,Cyndy,Ledgerton,cledgertonk3@ifeng.com,Female,5.48.116.140
725,Nadya,Braybrookes,nbraybrookesk4@php.net,Female,43.1.65.206
726,Maia,Allbones,mallbonesk5@pcworld.com,Female,198.96.7.139
727,Sybilla,Metham,smethamk6@mozilla.org,Female,250.254.51.103
728,Rhona,Splaven,rsplavenk7@about.com,Female,7.99.241.192
729,Padraig,Pickover,ppickoverk8@adobe.com,Male,242.19.255.37
730,Sandor,Karlsson,skarlssonk9@indiatimes.com,Male,178.254.170.59
731,Tessi,Bridle,tbridleka@google.cn,Female,72.196.86.98
732,Anet,Schaffler,aschafflerkb@shutterfly.com,Female,218.20.131.191
733,Ignacio,Tawse,itawsekc@whitehouse.gov,Male,10.109.34.21
734,Laurette,Nesbeth,lnesbethkd@miitbeian.gov.cn,Female,15.83.194.157
735,Ag,Skahill,askahillke@moonfruit.com,Female,69.36.44.19
736,Geraldine,Twinborough,gtwinboroughkf@ox.ac.uk,Female,45.83.238.113
737,Jamey,O'Cannovane,jocannovanekg@cyberchimps.com,Male,125.250.141.111
738,Josephine,Trevascus,jtrevascuskh@printfriendly.com,Female,216.79.245.115
739,Tedda,Nalder,tnalderki@drupal.org,Female,179.166.150.93
740,Symon,Wilmot,swilmotkj@globo.com,Polygender,120.29.221.232
741,Kahlil,Rippin,krippinkk@answers.com,Male,17.8.85.172
742,Emmalyn,Piquard,epiquardkl@weibo.com,Female,34.225.176.174
743,Everard,Duggan,eduggankm@bluehost.com,Male,72.107.254.151
744,Josie,Folke,jfolkekn@yolasite.com,Female,204.175.130.190
745,Darnall,Bearward,dbearwardko@miibeian.gov.cn,Male,149.50.171.200
746,Ronald,Mawson,rmawsonkp@infoseek.co.jp,Male,127.98.0.237
747,Tildie,Treadgear,ttreadgearkq@storify.com,Female,43.24.150.147
748,Robinia,Tesseyman,rtesseymankr@wp.com,Female,113.112.239.174
749,Kale,Kilkenny,kkilkennyks@blinklist.com,Male,77.243.172.55
750,Julina,Pyne,jpynekt@fda.gov,Female,213.147.119.137
751,Almira,Cousin,acousinku@people.com.cn,Genderqueer,154.82.245.163
752,Anders,Ferriday,aferridaykv@godaddy.com,Male,215.200.10.164
753,Amberly,Menico,amenicokw@fastcompany.com,Female,21.216.123.231
754,Elizabeth,O'Dyvoy,eodyvoykx@archive.org,Female,138.187.113.57
755,Orson,Bone,oboneky@cbslocal.com,Polygender,248.36.218.232
756,Janina,Ripper,jripperkz@ovh.net,Female,187.134.7.107
757,Cristabel,Sandifer,csandiferl0@gmpg.org,Female,55.36.195.51
758,Judye,Garthside,jgarthsidel1@answers.com,Female,2.153.37.211
759,Alfredo,Extence,aextencel2@weebly.com,Male,80.163.128.169
760,Thaddeus,Holby,tholbyl3@yahoo.com,Bigender,46.211.70.169
761,Sharron,Hadigate,shadigatel4@mozilla.com,Female,26.177.125.58
762,Zachery,Longmate,zlongmatel5@ask.com,Male,51.255.138.37
763,Tyne,Hudel,thudell6@yellowbook.com,Female,111.186.107.173
764,Jessa,Bassindale,jbassindalel7@examiner.com,Female,67.28.42.145
765,Novelia,Pering,nperingl8@freewebs.com,Female,49.0.61.218
766,Farrell,Whittam,fwhittaml9@mtv.com,Male,63.98.166.36
767,Joelynn,Attewill,jattewillla@squarespace.com,Female,49.6.50.105
768,Ellis,Nichol,enichollb@unc.edu,Male,210.60.159.184
769,Annice,Dummett,adummettlc@ftc.gov,Non-binary,117.239.232.78
770,Shannan,Adamolli,sadamollild@ibm.com,Agender,32.133.191.92
771,Rosalinda,Layus,rlayusle@soup.io,Female,114.142.165.27
772,Odessa,Pitts,opittslf@irs.gov,Polygender,105.199.206.213
773,Dona,Cowl,dcowllg@linkedin.com,Female,96.161.10.65
774,Inez,Broomhead,ibroomheadlh@is.gd,Female,109.48.72.187
775,Brena,Fussen,bfussenli@unesco.org,Female,18.117.205.61
776,Sherwin,Widdecombe,swiddecombelj@bloglines.com,Male,157.193.188.8
777,Allan,Cordel,acordellk@nasa.gov,Male,153.116.186.130
778,Constancy,Yitzhak,cyitzhakll@deliciousdays.com,Female,154.35.219.210
779,Leighton,Reith,lreithlm@webnode.com,Male,206.49.214.68
780,Gilberte,Voaden,gvoadenln@upenn.edu,Female,125.233.58.236
781,Shaylynn,Szymonwicz,sszymonwiczlo@gizmodo.com,Female,27.38.187.151
782,Andra,Stokes,astokeslp@rakuten.co.jp,Female,203.209.162.158
783,Dean,Ayree,dayreelq@example.com,Male,247.114.154.39
784,Mauricio,Rubertis,mrubertislr@ning.com,Male,113.187.249.120
785,Susie,Stovine,sstovinels@slate.com,Female,209.232.70.185
786,Ulrike,Belton,ubeltonlt@alexa.com,Polygender,55.132.232.91
787,Lombard,Barnardo,lbarnardolu@latimes.com,Male,193.123.126.154
788,Jason,Sutherel,jsutherellv@ucoz.com,Male,5.18.153.247
789,Gordie,Conrath,gconrathlw@ask.com,Male,242.162.118.12
790,Zeke,Guyton,zguytonlx@hp.com,Male,158.55.243.173
791,Elisa,Lowers,elowersly@indiegogo.com,Female,207.22.129.8
792,Engelbert,Eakeley,eeakeleylz@apple.com,Male,242.182.36.150
793,Elwira,Delacourt,edelacourtm0@photobucket.com,Polygender,73.48.237.49
794,Keven,Swinerd,kswinerdm1@sphinn.com,Male,232.0.220.255
795,Minna,Sedgebeer,msedgebeerm2@constantcontact.com,Female,204.32.131.33
796,Christabel,Dredge,cdredgem3@uiuc.edu,Female,49.145.69.23
797,Freemon,Craythorne,fcraythornem4@alexa.com,Male,118.172.205.208
798,Kirstyn,Redgate,kredgatem5@cyberchimps.com,Female,6.144.71.240
799,Flin,Perfitt,fperfittm6@bloomberg.com,Male,65.8.175.71
800,Jocelyne,Rushmere,jrushmerem7@chronoengine.com,Female,180.252.163.222
801,Bab,Waumsley,bwaumsleym8@macromedia.com,Female,43.104.18.191
802,Forrest,Barkly,fbarklym9@webmd.com,Male,4.179.44.250
803,Gelya,Beechcraft,gbeechcraftma@list-manage.com,Female,50.86.239.237
804,Efren,Bart,ebartmb@paypal.com,Male,106.87.72.16
805,Charmian,Devonald,cdevonaldmc@wufoo.com,Female,105.37.219.131
806,Roddy,McGuirk,rmcguirkmd@nydailynews.com,Male,178.57.16.239
807,Norman,Harston,nharstonme@wikipedia.org,Male,99.56.82.169
808,Norbert,De Domenici,ndedomenicimf@yandex.ru,Male,152.12.102.253
809,Joycelin,Steabler,jsteablermg@w3.org,Female,60.56.144.7
810,Hermy,Alpe,halpemh@flickr.com,Male,187.55.187.59
811,Flynn,Hentze,fhentzemi@omniture.com,Male,232.237.182.15
812,Erma,Klima,eklimamj@nyu.edu,Female,169.99.163.184
813,Luce,Waeland,lwaelandmk@aboutads.info,Genderfluid,69.125.193.58
814,Den,Jelley,djelleyml@kickstarter.com,Male,46.214.4.218
815,Ruperto,Muselli,rmusellimm@seesaa.net,Male,89.134.238.171
816,Louise,Rennie,lrenniemn@fda.gov,Female,160.100.89.112
817,Paulina,Lagde,plagdemo@soup.io,Female,12.117.168.239
818,Aubert,Gillease,agilleasemp@aboutads.info,Male,47.227.151.244
819,Donny,Sand,dsandmq@hhs.gov,Female,147.158.165.201
820,Chlo,Asch,caschmr@umich.edu,Female,91.142.102.172
821,Ernestus,McCrisken,emccriskenms@t-online.de,Male,228.150.142.116
822,Gawen,Goodenough,ggoodenoughmt@bloglovin.com,Male,227.210.84.232
823,Chalmers,Gylle,cgyllemu@dailymail.co.uk,Agender,122.83.46.170
824,Ailey,Rahl,arahlmv@plala.or.jp,Female,51.106.102.87
825,Ab,Levay,alevaymw@quantcast.com,Agender,181.246.132.6
826,Amanda,Finker,afinkermx@yellowbook.com,Female,213.242.24.223
827,Alberto,Addington,aaddingtonmy@bandcamp.com,Male,59.220.120.187
828,Leonelle,Loomis,lloomismz@xing.com,Female,139.114.249.213
829,Nancey,Wythill,nwythilln0@furl.net,Female,109.228.137.35
830,Shem,Wollen,swollenn1@de.vu,Male,79.252.169.131
831,Ernestus,Haley,ehaleyn2@multiply.com,Genderqueer,34.82.112.107
832,Lettie,Nozzolii,lnozzoliin3@illinois.edu,Female,140.89.66.119
833,Emlyn,Mityushkin,emityushkinn4@tamu.edu,Male,27.73.253.250
834,Ansley,Prigg,apriggn5@thetimes.co.uk,Female,34.54.69.137
835,Margot,Fer,mfern6@hatena.ne.jp,Female,255.129.90.250
836,Jaynell,Gorvin,jgorvinn7@chron.com,Genderqueer,187.19.134.188
837,Rafferty,Moral,rmoraln8@flickr.com,Male,175.110.70.206
838,Aloise,Kiffe,akiffen9@qq.com,Female,94.0.131.197
839,Farr,Whistance,fwhistancena@xinhuanet.com,Male,129.102.118.130
840,Minor,Sigmund,msigmundnb@telegraph.co.uk,Genderqueer,143.178.128.90
841,Bailey,Weir,bweirnc@wsj.com,Male,2.111.157.114
842,Burgess,Helsdon,bhelsdonnd@1688.com,Male,25.165.48.219
843,Delano,Chown,dchownne@forbes.com,Male,206.66.128.106
844,Tisha,Tran,ttrannf@opensource.org,Female,40.68.12.154
845,Annabel,Pickrell,apickrellng@utexas.edu,Female,199.248.215.135
846,Dan,Mularkey,dmularkeynh@discuz.net,Male,233.94.13.80
847,Seline,Witcherley,switcherleyni@bigcartel.com,Female,4.82.80.82
848,Vonni,Dyka,vdykanj@tumblr.com,Female,209.164.52.137
849,Flory,Hallett,fhallettnk@alibaba.com,Female,168.234.35.118
850,Kassey,Dyerson,kdyersonnl@imageshack.us,Female,17.216.129.179
851,Natka,MacAlees,nmacaleesnm@blog.com,Female,28.221.240.173
852,Briano,Medcalf,bmedcalfnn@zdnet.com,Genderfluid,235.27.116.86
853,Arly,Titchen,atitchenno@google.ru,Female,92.60.13.166
854,Becca,Boness,bbonessnp@google.co.uk,Female,106.218.71.93
855,Derek,Blower,dblowernq@devhub.com,Non-binary,167.84.58.156
856,Terence,Selwood,tselwoodnr@bloomberg.com,Male,105.39.16.168
857,Marlene,Fellibrand,mfellibrandns@archive.org,Female,8.61.112.234
858,Bessie,Caudle,bcaudlent@storify.com,Female,215.200.69.221
859,Kimmie,Hitzschke,khitzschkenu@apache.org,Female,177.94.13.174
860,Lynn,Ianitti,lianittinv@nyu.edu,Female,81.230.197.56
861,Nanon,Alan,nalannw@economist.com,Genderfluid,31.134.175.5
862,Francine,Aitkenhead,faitkenheadnx@sina.com.cn,Female,66.242.148.115
863,Leyla,Heinle,lheinleny@google.com,Female,2.32.31.24
864,Welsh,Czaple,wczaplenz@netscape.com,Male,139.46.224.19
865,Chris,Murtagh,cmurtagho0@reuters.com,Female,239.70.177.182
866,Morey,Dominey,mdomineyo1@livejournal.com,Male,111.245.56.115
867,Claire,Dando,cdandoo2@merriam-webster.com,Female,78.116.167.104
868,Alleen,Mattiassi,amattiassio3@nifty.com,Female,68.66.14.27
869,Llewellyn,Lenox,llenoxo4@nydailynews.com,Male,211.159.209.150
870,Issiah,L'Hommeau,ilhommeauo5@answers.com,Male,38.3.191.54
871,Stanford,Boulding,sbouldingo6@example.com,Male,205.125.173.139
872,Margalo,Cleiment,mcleimento7@odnoklassniki.ru,Female,72.125.160.199
873,Giffard,Chatell,gchatello8@about.com,Male,82.119.210.187
874,Iris,Pasterfield,ipasterfieldo9@mashable.com,Female,196.173.106.187
875,Haslett,Matous,hmatousoa@arstechnica.com,Male,168.113.199.19
876,Oberon,Pensom,opensomob@accuweather.com,Male,187.210.98.160
877,Ettie,Maddrah,emaddrahoc@wisc.edu,Bigender,105.223.82.186
878,Miguela,Laval,mlavalod@fema.gov,Female,61.197.124.16
879,Jerrine,Darwin,jdarwinoe@unblog.fr,Female,169.17.137.28
880,Normy,Klimmek,nklimmekof@issuu.com,Male,43.245.152.156
881,Gardner,Miller,gmillerog@tuttocitta.it,Male,39.54.138.165
882,Kinny,Brose,kbroseoh@guardian.co.uk,Male,236.37.20.71
883,Brigid,Pessolt,bpessoltoi@hhs.gov,Female,166.57.224.2
884,Thurstan,Holtom,tholtomoj@typepad.com,Male,162.232.9.79
885,Evered,Ayres,eayresok@reference.com,Polygender,165.179.145.226
886,Adina,Brinkler,abrinklerol@vk.com,Female,58.207.108.17
887,Birk,Willstrop,bwillstropom@newyorker.com,Male,26.16.141.68
888,Ellery,Blabber,eblabberon@plala.or.jp,Bigender,28.143.248.0
889,Murry,Kubczak,mkubczakoo@cornell.edu,Male,196.212.114.146
890,Skippie,Rotge,srotgeop@networksolutions.com,Male,121.252.39.106
891,Dougie,Zanelli,dzanellioq@nasa.gov,Male,232.160.3.152
892,Fan,Loweth,flowethor@umn.edu,Female,145.135.32.226
893,Robby,Cyseley,rcyseleyos@msu.edu,Male,137.147.105.132
894,Felipa,Lennox,flennoxot@tinyurl.com,Female,192.231.109.189
895,Donnie,Gasson,dgassonou@independent.co.uk,Bigender,86.161.128.216
896,Corby,Ludgate,cludgateov@printfriendly.com,Male,95.95.181.183
897,Kalina,Novotna,knovotnaow@naver.com,Genderqueer,9.221.162.181
898,Randi,Robertsen,rrobertsenox@yahoo.co.jp,Female,82.176.59.55
899,Niles,Brennans,nbrennansoy@ca.gov,Male,46.239.145.50
900,Editha,Shevlane,eshevlaneoz@sphinn.com,Female,125.189.54.218
901,Brew,Nevet,bnevetp0@census.gov,Male,182.118.6.212
902,Rosa,Albers,ralbersp1@nba.com,Female,54.147.224.4
903,Walther,Bracher,wbracherp2@engadget.com,Male,56.127.247.26
904,Muffin,Bury,mburyp3@pcworld.com,Male,92.167.69.43
905,Marcela,Creamer,mcreamerp4@icq.com,Female,108.133.231.146
906,Lorry,Cansdale,lcansdalep5@bluehost.com,Male,244.37.196.118
907,Rianon,Beningfield,rbeningfieldp6@facebook.com,Female,45.27.223.8
908,Pennie,Shaw,pshawp7@rediff.com,Male,234.178.125.238
909,Junie,Carneck,jcarneckp8@google.cn,Female,52.174.247.138
910,Rafaello,Battman,rbattmanp9@statcounter.com,Male,221.252.250.61
911,Molli,Piborn,mpibornpa@mac.com,Female,157.0.68.26
912,Jo-ann,Levensky,jlevenskypb@hugedomains.com,Female,68.240.146.61
913,Dallas,Sherlaw,dsherlawpc@imageshack.us,Female,166.43.184.208
914,Carlo,Rhodus,crhoduspd@archive.org,Male,140.20.117.144
915,Rutter,Hearse,rhearsepe@plala.or.jp,Male,166.183.28.28
916,Sadie,Pierrepont,spierrepontpf@bloglovin.com,Female,233.74.69.23
917,Bernadette,Peggrem,bpeggrempg@globo.com,Female,130.132.172.170
918,Berna,Neligan,bneliganph@bizjournals.com,Female,90.104.74.205
919,Brande,Roskams,broskamspi@seattletimes.com,Female,48.90.51.196
920,Harwell,Simonitto,hsimonittopj@meetup.com,Male,64.37.129.72
921,Halette,Jahn,hjahnpk@youku.com,Female,184.16.159.41
922,Kathie,Ivel,kivelpl@devhub.com,Female,54.152.197.3
923,Sada,Dulen,sdulenpm@fc2.com,Female,108.132.13.120
924,Nathalia,Rockliffe,nrockliffepn@merriam-webster.com,Female,110.0.135.103
925,Sandy,Yakobowitch,syakobowitchpo@scribd.com,Female,158.49.156.195
926,Angie,Kernoghan,akernoghanpp@vinaora.com,Female,85.150.143.210
927,Jule,Ethelstone,jethelstonepq@gmpg.org,Male,116.135.50.161
928,Stepha,Boules,sboulespr@tripadvisor.com,Female,134.238.149.130
929,Donny,Curedale,dcuredaleps@fema.gov,Male,161.3.142.79
930,Danya,Klempke,dklempkept@soundcloud.com,Male,208.146.121.0
931,George,Slimme,gslimmepu@zimbio.com,Male,186.41.21.40
932,Rob,Ranfield,rranfieldpv@tamu.edu,Male,189.159.6.62
933,Free,Edon,fedonpw@timesonline.co.uk,Male,12.124.65.120
934,Neil,Burnyeat,nburnyeatpx@irs.gov,Male,11.240.175.231
935,Ara,McCaw,amccawpy@delicious.com,Female,175.38.185.37
936,Horten,Crux,hcruxpz@merriam-webster.com,Male,156.52.13.216
937,Chas,Kybert,ckybertq0@twitter.com,Male,67.24.218.169
938,Hamnet,de Courcy,hdecourcyq1@blogger.com,Genderfluid,153.187.163.117
939,Mic,Alliberton,mallibertonq2@adobe.com,Male,247.176.184.208
940,Huey,Tabour,htabourq3@networksolutions.com,Male,135.65.76.16
941,Enriqueta,Upchurch,eupchurchq4@de.vu,Female,119.103.56.49
942,Britteny,Dendon,bdendonq5@dot.gov,Female,38.226.45.59
943,Brandise,McLernon,bmclernonq6@statcounter.com,Non-binary,9.74.201.222
944,Omar,Geeraert,ogeeraertq7@1688.com,Male,85.213.6.73
945,Nonna,Burgoin,nburgoinq8@spotify.com,Female,235.227.13.211
946,Camilla,Liebmann,cliebmannq9@dailymotion.com,Genderqueer,125.245.1.192
947,Dulce,Grisedale,dgrisedaleqa@va.gov,Female,120.228.255.125
948,Read,Earey,reareyqb@addtoany.com,Male,6.110.34.238
949,Pamela,Crippes,pcrippesqc@disqus.com,Genderfluid,214.107.48.220
950,Gail,Shaudfurth,gshaudfurthqd@wordpress.com,Male,43.10.34.209
951,Nataline,Brogan,nbroganqe@symantec.com,Female,17.17.231.61
952,Lise,Down,ldownqf@ucsd.edu,Female,43.165.189.182
953,Maressa,Bulfit,mbulfitqg@noaa.gov,Female,46.109.242.159
954,Buddy,Kondratenya,bkondratenyaqh@nhs.uk,Male,44.99.83.23
955,Rodger,Rosini,rrosiniqi@soup.io,Male,14.152.182.29
956,Munmro,Yoakley,myoakleyqj@uol.com.br,Male,214.95.223.161
957,Englebert,Boyle,eboyleqk@ebay.com,Male,37.100.163.194
958,Nicky,Worcs,nworcsql@i2i.jp,Male,135.225.234.165
959,Felipe,Argabrite,fargabriteqm@blinklist.com,Male,41.145.86.153
960,Romain,Corringham,rcorringhamqn@earthlink.net,Male,209.181.70.223
961,Anni,Kippen,akippenqo@posterous.com,Female,45.146.232.101
962,Francine,Staterfield,fstaterfieldqp@geocities.com,Polygender,55.227.175.68
963,Wilmar,Brinklow,wbrinklowqq@goo.gl,Male,165.155.181.49
964,Adolpho,Soitoux,asoitouxqr@skype.com,Male,73.198.155.226
965,Hadria,Eul,heulqs@bbb.org,Female,115.145.129.100
966,Theresina,Tesoe,ttesoeqt@netlog.com,Female,189.224.188.211
967,Ethelin,Sweetnam,esweetnamqu@tamu.edu,Non-binary,245.39.112.253
968,Inger,Bellefonte,ibellefonteqv@dailymail.co.uk,Female,55.40.226.21
969,Catha,Thal,cthalqw@google.es,Female,254.108.49.223
970,Pepe,Littley,plittleyqx@people.com.cn,Male,123.196.83.206
971,Aime,Loseke,alosekeqy@hhs.gov,Female,3.160.57.149
972,Irma,Van der Kruis,ivanderkruisqz@who.int,Female,18.57.151.116
973,Lou,Ollenbuttel,lollenbuttelr0@usgs.gov,Male,122.240.227.147
974,Crosby,Bleesing,cbleesingr1@uiuc.edu,Male,161.208.139.77
975,Elias,Currer,ecurrerr2@rakuten.co.jp,Male,68.231.215.197
976,Wynn,Girke,wgirker3@army.mil,Female,18.10.56.98
977,Mel,Strognell,mstrognellr4@gov.uk,Genderfluid,156.11.186.220
978,Tani,Giraudo,tgiraudor5@chron.com,Female,87.249.50.193
979,Maurise,Dallosso,mdallossor6@163.com,Female,4.170.216.151
980,Eliza,Adolthine,eadolthiner7@yahoo.com,Non-binary,160.215.80.158
981,Ruthy,Dikels,rdikelsr8@printfriendly.com,Female,161.140.181.234
982,Danya,Cansdill,dcansdillr9@123-reg.co.uk,Female,240.91.110.79
983,Ethelind,Tarquinio,etarquiniora@hexun.com,Female,142.246.68.34
984,Karlyn,Graeme,kgraemerb@weather.com,Genderfluid,178.154.24.63
985,Francisca,Kendell,fkendellrc@blog.com,Non-binary,94.25.111.102
986,Ida,Dabes,idabesrd@state.tx.us,Female,77.36.235.255
987,Albie,Duberry,aduberryre@vimeo.com,Male,135.9.237.55
988,Eamon,Bernuzzi,ebernuzzirf@dailymail.co.uk,Male,54.24.228.202
989,Etta,Mowson,emowsonrg@dmoz.org,Non-binary,149.219.212.147
990,Allen,Michael,amichaelrh@typepad.com,Male,73.168.109.89
991,Harmonie,Cromly,hcromlyri@mysql.com,Female,235.81.80.228
992,Fitz,Lesper,flesperrj@a8.net,Male,203.0.83.131
993,Roxie,Rigney,rrigneyrk@yellowbook.com,Female,106.231.125.73
994,Janeta,Ascough,jascoughrl@addthis.com,Female,192.71.202.163
995,Joelly,Ivie,jivierm@loc.gov,Female,29.188.90.24
996,Kendricks,Sabbatier,ksabbatierrn@ox.ac.uk,Male,100.112.198.171
997,Beverlee,Hursthouse,bhursthousero@ovh.net,Female,195.44.145.243
998,Madeleine,O'Fearguise,mofearguiserp@icq.com,Female,205.237.14.75
999,Byron,Clackers,bclackersrq@shop-pro.jp,Male,140.53.114.103
1000,Yul,Giraudo,ygiraudorr@nbcnews.com,Male,206.222.180.152
